category,top_products,worst_product,summary,meta_category
"Amazon Echo,Home Theater & Audio,MP3 MP4 Player Accessories,Electronics,Portable Audio,Compact Radios Stereos,Smart Hubs & Wireless Routers,Featured Brands,Smart Home & Connected Living,Home Security,Kindle Store,Electronic Components,Home Automation,Mobile Bluetooth Speakers,Home, Garage & Office,Amazon Tap,Home,Mobile Speakers,TVs & Electronics,Portable Bluetooth Speakers,Bluetooth & Wireless Speakers,Electronics Features,Frys,Speakers,Mobile,Digital Device 3,Smart Home,Home Improvement,Electronics, Tech Toys, Movies, Music,Smart Home & Home Automation Devices,Smart Hubs,MP3 Player Accessories,Home Safety & Security,Voice Assistants,Amazon Home,Alarms & Sensors,Portable Audio & Electronics,Amazon Devices,Audio,Bluetooth Speakers,MP3 Accessories,All Bluetooth & Wireless Speakers",['Amazon Tap - Alexa-Enabled Portable Bluetooth Speaker'],Amazon Tap - Alexa-Enabled Portable Bluetooth Speaker,"Overall, customers have mixed reviews about the Amazon Tap. Some users find it convenient and love the portability and sound quality. They appreciate its functionality as a portable speaker and its compatibility with Alexa. However, some users find it cumbersome to have to tap a button to activate Alexa and experience difficulties with voice recognition. Additionally, there are comments about the device's limitations in terms of music selection and its price point. Overall, opinions on the Amazon Tap range from being highly recommended for its sound quality and portability to being dissatisfied with its features and usability.",4
"Amazon Echo,Smart Home,Networking,Home & Tools,Home Improvement,Smart Home Automation,Voice Assistants,Amazon Home,Amazon,Smart Hub & Kits,Digital Device 3",['Amazon - Echo Plus w/ Built-In Hub - Silver'],Amazon - Echo Plus w/ Built-In Hub - Silver,"Customers generally find the Amazon Echo Plus to be a convenient and fun device that is easy to use, especially for playing music and controlling smart home devices. Many customers appreciate the sound quality of the device and the ease of set-up. Some users noted that there were initial challenges in understanding how to command the device, but overall found it to be a valuable addition to their homes. The inclusion of a Philips Hue bulb with the Echo Plus was seen as a bonus by many customers. Some users mentioned experiencing issues with volume control or connectivity, but for the most part, customers are satisfied with the product's performance and functionality.",3
"Amazon Echo,Virtual Assistant Speakers,Electronics Features,Home & Tools,Smart Home Automation,TVs Entertainment,Speakers,Smart Hub & Kits,Digital Device 3,Wireless Speakers,Smart Home,Home Improvement,Voice Assistants,Amazon Home,Amazon","['Amazon Echo Show Alexa-enabled Bluetooth Speaker with 7"" Screen']","Amazon Echo Show Alexa-enabled Bluetooth Speaker with 7"" Screen","Customers are generally pleased with the Amazon Echo Show, noting its compatibility with smart home devices like security cameras and doorbells, its ability to display recipes, play music, and make video calls. Users appreciate its functionality and ease of use, particularly in the kitchen. Some reviewers mention minor drawbacks such as limitations in answering queries and audio quality. Overall, customers find the Echo Show to be a useful and entertaining addition to their homes, despite some limitations.",3
"Amazon SMP,TV, Video & Home Audio,Electronics,Electronics Deals,TVs Entertainment,Digital Device 4,Tvs & Home Theater,Featured Brands,Video Devices & TV Tuners,Consumer Electronics,TV & Video,Internet & Media Streamers,Streaming Media Players,Fire TV,Streaming Devices,Amazon Devices,Amazon,See more Amazon Fire TV with Alexa Voice Remote Digital...",['Amazon Fire TV with 4K Ultra HD and Alexa Voice Remote (Pendant Design) | Streaming Media Player'],Amazon Fire TV with 4K Ultra HD and Alexa Voice Remote (Pendant Design) | Streaming Media Player,"Customers are overall very satisfied with the Amazon Fire TV with Alexa Voice Remote, noting the significant improvement in quality compared to the regular Fire Stick, especially when using 4k resolution. They appreciate the convenience of using Alexa for voice commands and mention that when combined with the Harmony hub, it can enhance home automation capabilities. Users find the device easy to use and enjoy having one in each of their main rooms.",0
"Computers & Accessories,Tablet & E-Reader Accessories,Amazon Devices & Accessories,Electronics,Power Adapters & Cables,Computers Features,Cell Phone Accessories,Cell Phone Batteries & Power,Digital Device Accessory,Tablet Accessories,Featured Brands,Kindle Fire (2nd Generation) Accessories,Kindle Store,Power Adapters Cables,Electrical,Home,Tablets & E-Readers,Chargers Adapters,Chargers & Adapters,Electronics Features,Fire Tablet Accessories,Amazon Book Reader Accessory,Cell Phones,Amazon Device Accessories,Home Improvement,Fire (5th Generation) Accessories,Amazon Devices,Cables & Chargers",['Amazon 9W PowerFast Official OEM USB Charger and Power Adapter for Fire Tablets and Kindle eReaders'],Amazon 9W PowerFast Official OEM USB Charger and Power Adapter for Fire Tablets and Kindle eReaders,"Overall, customers have had positive experiences with the Amazon power adapters and cables for their Kindle devices. Many users found the chargers to be slim, portable, and easy to use. They appreciated the fast charging times and reliability of the OEM chargers made by Amazon. Some customers mentioned that the chargers worked better than off-brand alternatives and were worth the slightly higher price. However, there were a few complaints about charging speeds not meeting expectations. Overall, customers were satisfied with the quality and performance of the Amazon chargers for their Kindle devices.",0
"Computers & Tablets,E-Readers & Accessories,eBook Readers,Kindle E-readers",['Amazon - Kindle Voyage - 4GB - Wi-Fi + 3G - Black'],Amazon - Kindle Voyage - 4GB - Wi-Fi + 3G - Black,"Customers generally praise the Kindle e-readers for their ease of use, long battery life, and ability to read in various lighting conditions. Many users appreciate the lightweight and compact design, as well as the adjustable backlight feature. While some find the price to be on the higher side, serious readers and library e-book users feel that the cost is justified for the quality and features provided. The Kindle Voyage receives positive feedback for its portability, clear screen, and additional features such as auto light adjustment and haptic feedback. However, some users mention minor issues like a twinkling pixel and the higher cost compared to other models like the Paperwhite. Overall, customers seem satisfied with their Kindle e-readers and find them to be great options for reading on the go.",1
"Computers,Amazon Echo,Virtual Assistant Speakers,Audio & Video Components,Electronics Features,Computer Accessories,Home & Tools,See more Amazon Echo Show Smart Assistant - White,Smart Home Automation,Electronics,TVs Entertainment,Speakers,Smart Hub & Kits,Digital Device 3,Consumer Electronics,Wireless Speakers,Home Improvement,Amazon Home,Amazon,Computer Speakers,Voice-Enabled Smart Assistants","['Amazon Echo Show Alexa-enabled Bluetooth Speaker with 7"" Screen']","Amazon Echo Show Alexa-enabled Bluetooth Speaker with 7"" Screen","Customers love the Amazon Echo Show for its versatility and features. They appreciate the ability to view Arlo cams, play movie trailers, view lyrics when playing music, make video calls, use it as an intercom, control smart home devices, and enjoy the excellent sound quality. Some users find it easy to set up and use, while others highlight concerns about potential security issues. The device is praised for its entertainment value, usefulness in monitoring rooms, and as a tool for individuals with dementia. Some users mention issues with YouTube functionality and desire more video features. Overall, customers recommend the Amazon Echo Show for its convenience, entertainment, and smart home capabilities.",3
"Computers,Electronics Features,Tablets,Electronics,iPad & Tablets,Kindle E-readers,iPad Accessories,Used:Tablets,E-Readers,E-Readers & Accessories,Computers/Tablets & Networking,Used:Computers Accessories,iPads Tablets,All Tablets,Tablets & E-readers,Computers & Tablets,Amazon,Tablets & eBook Readers","['Amazon Kindle E-Reader 6"" Wifi (8th Generation, 2016)']","Amazon Kindle E-Reader 6"" Wifi (8th Generation, 2016)","Overall, the reviews for Kindle e-readers are positive, with customers praising the ease of use, portability, and quality of the devices. Some users express their love for the Kindle, highlighting its reliability and convenience for reading on the go. However, there are mixed opinions on the brightness of the screen, with some finding it too dim for reading in certain conditions. Users recommend the Paperwhite model for better readability in dark environments. Additionally, some customers appreciate the long battery life of the Kindle devices. There are also mentions of customer service experiences, with some finding it helpful and others facing challenges with adjusting settings. In terms of features, customers appreciate the ability to download and read a wide selection of books on the Kindle. Some users mention issues with brightness adjustment, storage capacity, screen resolution, and PDF reading capabilities. Overall, the Kindle e-readers are generally well-received for their functionality and convenience, with some minor drawbacks mentioned by users.",1
"Computers,Fire Tablets,Electronics Features,Computer Accessories,Tablets,Top Rated,Amazon Tablets,Electronics,Kids' Tablets,iPad & Tablets,Cases & Bags,Electronics, Tech Toys, Movies, Music,Computers & Tablets","['Fire Kids Edition Tablet, 7 Display, Wi-Fi, 16 GB, Blue Kid-Proof Case']","Fire Kids Edition Tablet, 7 Display, Wi-Fi, 16 GB, Blue Kid-Proof Case","Overall, customers are pleased with these tablets for kids, citing their durability and suitability for young users. Many appreciate the protective bumper case and the parental controls. Some reviewers mention issues with charging ports and slow performance. The tablets are praised for being user-friendly, offering educational apps, and having a good selection of content. However, a few customers found the setup complicated or the interface not as child-friendly as expected. Despite some mixed feedback, the majority of reviewers recommend these tablets for children.",4
"Computers/Tablets & Networking,Tablets & eBook Readers,Computers & Tablets,Tablets,All Tablets","['Brand New Amazon Kindle Fire 16gb 7"" Ips Display Tablet Wifi 16 Gb Blue']","Brand New Amazon Kindle Fire 16gb 7"" Ips Display Tablet Wifi 16 Gb Blue","Overall, customers seem to have mixed feelings about the tablets in this category. Many customers appreciate the lightweight design and ease of use of the tablets, as well as their fast performance and suitability for various activities like reading, gaming, and social media. Some customers mention that the tablets are great for kids and beginners, while others note issues with navigation, app downloads, and charging. Some customers also highlight the tablets' value for the price, while a few mention concerns about camera quality and limited app options. Additionally, there are comments about the tablets being good for reading, streaming movies, and playing games, with some customers recommending them for their family members.",0
"Electronics,iPad & Tablets,All Tablets,Fire Tablets,Tablets,Computers & Tablets","['All-New Fire HD 8 Tablet, 8"" HD Display, Wi-Fi, 16 GB - Includes Special Offers, Magenta']","All-New Fire HD 8 Tablet, 8"" HD Display, Wi-Fi, 16 GB - Includes Special Offers, Magenta","Customers have generally found the Fire Tablets to be easy to use, great value for the price, and suitable for various purposes such as reading, gaming, and browsing the internet. Many users appreciate the tablet's battery life and features, including parental controls. Some customers mention limitations with the Amazon ecosystem and app store, as well as the need for more app updates. While the tablet is praised for its affordability and features, some users prefer alternative options like iPads for more advanced use. Overall, the Fire Tablets are recommended for basic use, especially for reading and entertainment purposes, with some customers highlighting the need for improvements in app availability and performance.",0
"Fire Tablets,Computers/Tablets & Networking,Tablets,All Tablets,Amazon Tablets,Frys,Computers & Tablets,Tablets & eBook Readers","['Fire Tablet, 7 Display, Wi-Fi, 16 GB - Includes Special Offers, Black']","Fire Tablet, 7 Display, Wi-Fi, 16 GB - Includes Special Offers, Black","Overall, customers have mostly positive feedback about the Fire Tablets. They appreciate the great price point, ease of use, and suitability for various purposes such as reading books, surfing the web, gaming, and watching videos. Users particularly like the parental controls, portability, and durability of the tablets. Some customers found the tablets to be perfect for kids, while others noted minor issues such as unclear camera quality and difficulty in finding accessories like cases. However, there were a few negative reviews mentioning challenges with setting up the device, limited functionality for certain tasks like gaming, and issues with stock availability and technical difficulties.",0
"Fire Tablets,Tablets,All Tablets,Amazon Tablets","['All-New Fire HD 8 Tablet, 8 HD Display, Wi-Fi, 16 GB - Includes Special Offers, Blue']","All-New Fire HD 8 Tablet, 8 HD Display, Wi-Fi, 16 GB - Includes Special Offers, Blue","Overall, customers seem to be satisfied with the Fire HD tablets from Amazon. They appreciate the quality of the product, its ease of use, good battery life, and value for the price. Many users find the tablets great for reading, watching videos, and basic tasks such as web browsing and checking emails. Some customers mention that the tablets are lightweight, portable, and convenient for travel. However, a few users note that the display may not be as sharp as expected, and the tablets might freeze occasionally. Despite these minor issues, the majority of reviewers recommend the Fire HD tablets for those looking for an affordable and functional device.",0
"Fire Tablets,Tablets,All Tablets,Amazon Tablets,Computers & Tablets","['Fire Kids Edition Tablet, 7 Display, Wi-Fi, 16 GB, Green Kid-Proof Case', 'All-New Fire HD 8 Tablet, 8 HD Display, Wi-Fi, 32 GB - Includes Special Offers, Blue']","All-New Fire HD 8 Tablet, 8 HD Display, Wi-Fi, 32 GB - Includes Special Offers, Blue","Overall, customers have mixed feelings about the Amazon Fire tablets. Many parents appreciate the durability and kid-friendly features of the tablets, making them great for children. However, some customers wish for faster processing speeds and better support for certain apps like Dropbox and Google Drive. The tablets are praised for their affordability and suitability for young children, with features like parental controls and educational games. Some users experienced issues with the charging port and speaker quality, while others found the tablets to be a good alternative to more expensive options. Despite some limitations, customers generally find the tablets to be a good value for their intended use, especially for children.",0
"Fire Tablets,Tablets,Computers/Tablets & Networking,Other Computers & Networking,Computers & Tablets,All Tablets","['All-New Fire HD 8 Tablet, 8"" HD Display, Wi-Fi, 32 GB - Includes Special Offers, Black']","All-New Fire HD 8 Tablet, 8"" HD Display, Wi-Fi, 32 GB - Includes Special Offers, Black","Overall, customers seem to be generally satisfied with the Amazon Fire HD 8 tablet. They appreciate its lightweight design, ease of use, and sleek graphics. Many users find it suitable for various activities such as gaming, reading, and watching videos. Positive feedback includes the great value for the price, good video quality, and compatibility with Amazon services like Prime Video and Music. Some users mention issues with app availability and battery charging, while others praise the parental controls and functionality for kids. However, there are also complaints about the tablet's durability, speaker quality, and occasional technical problems like sudden shutdowns.",0
"Kindle E-readers,Electronics Features,Computers & Tablets,E-Readers & Accessories,E-Readers,eBook Readers","['Kindle Oasis E-reader with Leather Charging Cover - Black, 6"" High-Resolution Display (300 ppi), Wi-Fi - Includes Special Offers']","Kindle Oasis E-reader with Leather Charging Cover - Black, 6"" High-Resolution Display (300 ppi), Wi-Fi - Includes Special Offers","Overall, customers have mixed opinions about the Kindle Oasis. Some appreciate its lightweight design, long battery life, and improved reading experience compared to previous Kindle models. They praise features like the adjustable brightness and font size, ergonomic design, and the ability to use the device in various lighting conditions. However, some users find the price to be high compared to other Kindle models. There are also complaints about the magnetic connector being poorly designed and becoming weak over time, as well as the inconvenience of having two separate pieces to keep track of. Additionally, some customers mention issues with the battery life not lasting as long as expected and the lack of color display for book covers. Despite these drawbacks, many customers still recommend the Kindle Oasis for its comfortable reading experience and portability.",1
"Office,eBook Readers,Electronics Features,Walmart for Business,Tablets,Electronics,Amazon Ereaders,Office Electronics,iPad & Tablets,Kindle E-readers,All Tablets,Amazon Book Reader,Computers & Tablets","['Kindle E-reader - White, 6 Glare-Free Touchscreen Display, Wi-Fi - Includes Special Offers']","Kindle E-reader - White, 6 Glare-Free Touchscreen Display, Wi-Fi - Includes Special Offers","Overall, customers have mixed reviews about the Kindle e-readers. Some users appreciate the lightweight design, long battery life, ease of use, and ability to download books easily. They find it convenient for reading on-the-go and enjoy the portability of the device. However, some customers mention drawbacks such as the lack of backlight, small screen size, difficulty reading in the dark, and issues with screen brightness. Some users also express dissatisfaction with the advertising on the device and the need for better customer service. Despite these concerns, many customers still recommend the Kindle for its affordability and functionality as a basic e-reader.",1
"Tablets,Fire Tablets,Computers & Tablets,All Tablets","['Fire HD 8 Tablet with Alexa, 8"" HD Display, 32 GB, Tangerine - with Special Offers']","Fire HD 8 Tablet with Alexa, 8"" HD Display, 32 GB, Tangerine - with Special Offers","Overall, the reviews for tablets in the Fire Tablets category are mixed. Some customers are satisfied with their purchase, mentioning that the tablets are easy to use, have good battery life, and are great for reading books and watching videos. However, there are also complaints about issues such as slow internet speed, defective SD card slots, and tablets shutting down unexpectedly. Some customers have had positive experiences with the tablets, while others have encountered issues with functionality and durability.",0
"Tablets,Fire Tablets,Electronics,Computers,Computer Components,Hard Drives & Storage,Computers & Tablets,All Tablets","['All-New Fire HD 8 Tablet, 8"" HD Display, Wi-Fi, 32 GB - Includes Special Offers, Magenta']","All-New Fire HD 8 Tablet, 8"" HD Display, Wi-Fi, 32 GB - Includes Special Offers, Magenta","The reviews for the Amazon Fire tablet generally indicate satisfaction with the device, especially considering its lower price point. Users appreciate its functionality for reading, watching videos, playing games, and browsing the internet. The integration with Amazon services, such as Kindle books and Prime Video, is seen as a significant advantage. Some users find the tablet's screen quality and battery life to be good, while others mention that the speakers are adequate for basic usage but not ideal for music. The expandable storage option is highlighted as a positive feature, and the easy access to Amazon's library of content is praised.

Some users express minor concerns, such as limited app availability compared to other devices, the quality of the camera, and the design making it a bit difficult to hold. Overall, customers find the tablet to be a cost-effective option for entertainment and reading purposes, especially for those who are already Amazon Prime members or looking for an affordable alternative to more expensive tablets like iPads.",0
"Tablets,Fire Tablets,Electronics,iPad & Tablets,Android Tablets,Computers & Tablets,All Tablets","['Fire Tablet with Alexa, 7"" Display, 16 GB, Magenta - with Special Offers']","Fire Tablet with Alexa, 7"" Display, 16 GB, Magenta - with Special Offers","Overall, customers have mixed feedback on the Fire Tablets. Some positive aspects mentioned include a smooth interface, good battery life, and the ability to support kids' separate profiles. Customers appreciate the affordability and ease of use for basic tasks like reading and browsing the web. However, there are complaints about issues with battery life, compatibility with certain apps, and limitations with the Amazon ecosystem. Despite these drawbacks, many customers find the tablets to be a good value for the price and suitable for tasks like reading, entertainment, and basic browsing.",0
"eBook Readers,E-Readers & Accessories,Amazon Book Reader,Computers & Tablets,Amazon Ereaders,Kindle E-readers,E-Readers","['Kindle Oasis E-reader with Leather Charging Cover - Merlot, 6 High-Resolution Display (300 ppi), Wi-Fi - Includes Special Offers']","Kindle Oasis E-reader with Leather Charging Cover - Merlot, 6 High-Resolution Display (300 ppi), Wi-Fi - Includes Special Offers","The reviews for the Kindle Oasis generally praise its design, lightweight feel, comfortable grip, and practical features like physical page turn buttons. Users appreciate the improved screen quality, battery life, and the option to use a cover with additional battery. Some reviewers mention minor drawbacks such as the absence of automatic adaptive front light, lack of waterproofing, and issues with the magnetic connector. Overall, the Kindle Oasis is considered a worthwhile upgrade for avid readers, offering a high-quality reading experience despite its higher price point.",1
"eBook Readers,Electronics Features,Walmart for Business,Tablets,See more Amazon Kindle Voyage (Wi-Fi),Electronics,Office Electronics,iPad & Tablets,Kindle E-readers,E-Readers & Accessories,All Tablets,See more Amazon Kindle Voyage 4GB, Wi-Fi  3G (Unlocked...,Computers & Tablets","['Amazon - Kindle Voyage - 6"" - 4GB - Black']","Amazon - Kindle Voyage - 6"" - 4GB - Black","Customers praise the Amazon Kindle Voyage for its user-friendly design, convenience, and excellent reading experience. Features like enabled dictionaries, X-ray, and automatic light adjustment make reading easy in various settings. Many users appreciate the lightweight design, long battery life, and clear screen resolution. Some mention that the Kindle Voyage is superior to other models like the Paperwhite, providing a great value for serious readers. However, a few customers mention drawbacks such as the high cost compared to other Kindle models and occasional software issues. Overall, the Kindle Voyage receives high recommendations for its performance, readability, and portability.",1
"eBook Readers,Fire Tablets,Electronics Features,Tablets,Amazon Tablets,College Ipads & Tablets,Electronics,Electronics Deals,College Electronics,Featured Brands,All Tablets,Computers & Tablets,Back To College,Amazon Devices,Tablets & E-Readers","['Fire HD 10 Tablet, 10.1 HD Display, Wi-Fi, 16 GB - Includes Special Offers, Silver Aluminum']","Fire HD 10 Tablet, 10.1 HD Display, Wi-Fi, 16 GB - Includes Special Offers, Silver Aluminum","Overall, customers have mixed reviews about the Amazon Fire HD 10 tablet. Some users appreciate the large screen size, easy app downloads, and features like dual cameras and video capabilities. They also like the addition of Alexa and the option to expand memory with a micro SD card. However, some users find the tablet to be slow in performance compared to previous models. While some users find it easy to set up and use, others have faced difficulties with the device, such as issues with the power button and SD card slot. Additionally, there are mixed opinions on the tablet's design, with some users finding it awkward to hold. Despite some drawbacks, many users find the tablet to be a good value for its price, especially for reading books and watching movies.",1
